{
  "model": "PlainTransformer (no gate)",
  "n_folds": 3,
  "per_fold": [
    {
      "accuracy": 0.9491651205936921,
      "sensitivity": 0.9076554093856009,
      "precision": 0.8892806589779153,
      "f_score": 0.8976994794811753,
      "auc": 0.9849594328251614
    },
    {
      "accuracy": 0.9458256029684601,
      "sensitivity": 0.9047759126096723,
      "precision": 0.9030629594532397,
      "f_score": 0.9029549569535207,
      "auc": 0.9906213729470739
    },
    {
      "accuracy": 0.9447124304267162,
      "sensitivity": 0.8932416145565167,
      "precision": 0.8919992962495817,
      "f_score": 0.8917357953953402,
      "auc": 0.9886235141237143
    }
  ],
  "aggregate": {
    "accuracy": {
      "mean": 0.9465677179962895,
      "std": 0.0018920295041160826
    },
    "sensitivity": {
      "mean": 0.9018909788505965,
      "std": 0.00622797465416721
    },
    "precision": {
      "mean": 0.8947809715602455,
      "std": 0.005960494372589076
    },
    "f_score": {
      "mean": 0.8974634106100122,
      "std": 0.004583244331336183
    },
    "auc": {
      "mean": 0.9880681066319831,
      "std": 0.002344603676165589
    }
  }
}