{
  "model": "BiLSTM",
  "n_folds": 3,
  "max_seq_len": 512,
  "truncation": "head",
  "fold_results": [
    {
      "fold": 1,
      "accuracy": 0.9444265981368455,
      "sensitivity": 0.8918370169090025,
      "precision": 0.8893662388129724,
      "f_score": 0.8903085348108429,
      "auc": 0.9902373113705072
    },
    {
      "fold": 2,
      "accuracy": 0.9534061696658098,
      "sensitivity": 0.896670960938521,
      "precision": 0.9020242366747715,
      "f_score": 0.8980409927709693,
      "auc": 0.9933318705582386
    },
    {
      "fold": 3,
      "accuracy": 0.9453727506426736,
      "sensitivity": 0.8926741861700551,
      "precision": 0.8961130403303214,
      "f_score": 0.8936146772401324,
      "auc": 0.991952382249662
    }
  ],
  "accuracy_mean": 0.9477351728151097,
  "accuracy_std": 0.004028560959082028,
  "sensitivity_mean": 0.8937273880058596,
  "sensitivity_std": 0.0021092936100877524,
  "precision_mean": 0.8958345052726884,
  "precision_std": 0.0051713579004020235,
  "f_score_mean": 0.8939880682739815,
  "f_score_std": 0.003167784943710612,
  "auc_mean": 0.9918405213928025,
  "auc_std": 0.0012658222044890212
}