{
  "samples_per_family": 30,
  "k_values": [
    5,
    10,
    20
  ],
  "per_family": {
    "Airpush": {
      "k_5": {
        "n_samples": 30,
        "mean_p_base": 0.9741887390613556,
        "mean_p_after_gate_mask": 0.9846807877222697,
        "mean_p_after_random_mask": 0.9660952176898718,
        "mean_delta_gate": -0.010492048660914103,
        "mean_delta_random": 0.008093521371483803,
        "delta_gate_minus_random": -0.018585570032397906
      },
      "k_10": {
        "n_samples": 30,
        "mean_p_base": 0.9741887390613556,
        "mean_p_after_gate_mask": 0.9903911451498667,
        "mean_p_after_random_mask": 0.9739319900671641,
        "mean_delta_gate": -0.01620240608851115,
        "mean_delta_random": 0.00025674899419148766,
        "delta_gate_minus_random": -0.016459155082702636
      },
      "k_20": {
        "n_samples": 30,
        "mean_p_base": 0.9741887390613556,
        "mean_p_after_gate_mask": 0.9683603249490261,
        "mean_p_after_random_mask": 0.9951286176840465,
        "mean_delta_gate": 0.005828414112329483,
        "mean_delta_random": -0.020939878622690835,
        "delta_gate_minus_random": 0.026768292735020318
      }
    },
    "DroidKungFu": {
      "k_5": {
        "n_samples": 30,
        "mean_p_base": 0.9971833050251007,
        "mean_p_after_gate_mask": 0.995587162176768,
        "mean_p_after_random_mask": 0.9955512642860412,
        "mean_delta_gate": 0.001596142848332723,
        "mean_delta_random": 0.0016320407390594482,
        "delta_gate_minus_random": -3.5897890726725246e-05
      },
      "k_10": {
        "n_samples": 30,
        "mean_p_base": 0.9971833050251007,
        "mean_p_after_gate_mask": 0.9887885987758637,
        "mean_p_after_random_mask": 0.99547465244929,
        "mean_delta_gate": 0.00839470624923706,
        "mean_delta_random": 0.0017086525758107504,
        "delta_gate_minus_random": 0.0066860536734263095
      },
      "k_20": {
        "n_samples": 30,
        "mean_p_base": 0.9971833050251007,
        "mean_p_after_gate_mask": 0.9426064704855283,
        "mean_p_after_random_mask": 0.990290496746699,
        "mean_delta_gate": 0.0545768345395724,
        "mean_delta_random": 0.006892808278401693,
        "delta_gate_minus_random": 0.04768402626117071
      }
    },
    "Fusob": {
      "k_5": {
        "n_samples": 30,
        "mean_p_base": 0.999957795937856,
        "mean_p_after_gate_mask": 0.9999585231145223,
        "mean_p_after_random_mask": 0.9999596854050954,
        "mean_delta_gate": -7.271766662597656e-07,
        "mean_delta_random": -1.8894672393798828e-06,
        "delta_gate_minus_random": 1.1622905731201172e-06
      },
      "k_10": {
        "n_samples": 30,
        "mean_p_base": 0.999957795937856,
        "mean_p_after_gate_mask": 0.9999590615431467,
        "mean_p_after_random_mask": 0.9999187330404917,
        "mean_delta_gate": -1.2656052907307943e-06,
        "mean_delta_random": 3.90628973642985e-05,
        "delta_gate_minus_random": -4.03285026550293e-05
      },
      "k_20": {
        "n_samples": 30,
        "mean_p_base": 0.999957795937856,
        "mean_p_after_gate_mask": 0.99996510942777,
        "mean_p_after_random_mask": 0.9998986681302389,
        "mean_delta_gate": -7.31348991394043e-06,
        "mean_delta_random": 5.91278076171875e-05,
        "delta_gate_minus_random": -6.644129753112793e-05
      }
    },
    "Genpua": {
      "k_5": {
        "n_samples": 30,
        "mean_p_base": 0.9640841105952859,
        "mean_p_after_gate_mask": 0.9615095451163749,
        "mean_p_after_random_mask": 0.9647821572764467,
        "mean_delta_gate": 0.0025745654789110024,
        "mean_delta_random": -0.0006980466811607281,
        "delta_gate_minus_random": 0.0032726121600717304
      },
      "k_10": {
        "n_samples": 30,
        "mean_p_base": 0.9640841105952859,
        "mean_p_after_gate_mask": 0.9559344525681809,
        "mean_p_after_random_mask": 0.9660909424943384,
        "mean_delta_gate": 0.008149658027105034,
        "mean_delta_random": -0.002006831899052486,
        "delta_gate_minus_random": 0.01015648992615752
      },
      "k_20": {
        "n_samples": 30,
        "mean_p_base": 0.9640841105952859,
        "mean_p_after_gate_mask": 0.9357285061637716,
        "mean_p_after_random_mask": 0.943675126589369,
        "mean_delta_gate": 0.028355604431514317,
        "mean_delta_random": 0.020408984005916862,
        "delta_gate_minus_random": 0.007946620425597455
      }
    },
    "GinMaster": {
      "k_5": {
        "n_samples": 30,
        "mean_p_base": 0.9369860524932544,
        "mean_p_after_gate_mask": 0.9354126121848821,
        "mean_p_after_random_mask": 0.9380378557989995,
        "mean_delta_gate": 0.0015734403083721797,
        "mean_delta_random": -0.0010518033057451248,
        "delta_gate_minus_random": 0.0026252436141173045
      },
      "k_10": {
        "n_samples": 30,
        "mean_p_base": 0.9369860524932544,
        "mean_p_after_gate_mask": 0.9349827617406845,
        "mean_p_after_random_mask": 0.9350265130211483,
        "mean_delta_gate": 0.0020032907525698346,
        "mean_delta_random": 0.001959539472106068,
        "delta_gate_minus_random": 4.3751280463766654e-05
      },
      "k_20": {
        "n_samples": 30,
        "mean_p_base": 0.9369860524932544,
        "mean_p_after_gate_mask": 0.9345324587775394,
        "mean_p_after_random_mask": 0.9358062332185606,
        "mean_delta_gate": 0.002453593715714912,
        "mean_delta_random": 0.0011798192746937275,
        "delta_gate_minus_random": 0.0012737744410211843
      }
    },
    "Jisut": {
      "k_5": {
        "n_samples": 30,
        "mean_p_base": 0.9999683558940887,
        "mean_p_after_gate_mask": 0.9999682505925497,
        "mean_p_after_random_mask": 0.9999695122241974,
        "mean_delta_gate": 1.053015391031901e-07,
        "mean_delta_random": -1.156330108642578e-06,
        "delta_gate_minus_random": 1.261631647745768e-06
      },
      "k_10": {
        "n_samples": 30,
        "mean_p_base": 0.9999683558940887,
        "mean_p_after_gate_mask": 0.9999682108561198,
        "mean_p_after_random_mask": 0.999968308210373,
        "mean_delta_gate": 1.450379689534505e-07,
        "mean_delta_random": 4.76837158203125e-08,
        "delta_gate_minus_random": 9.7354253133138e-08
      },
      "k_20": {
        "n_samples": 30,
        "mean_p_base": 0.9999683558940887,
        "mean_p_after_gate_mask": 0.9999677538871765,
        "mean_p_after_random_mask": 0.9999645094076792,
        "mean_delta_gate": 6.020069122314453e-07,
        "mean_delta_random": 3.846486409505208e-06,
        "delta_gate_minus_random": -3.244479497273763e-06
      }
    },
    "Opfake": {
      "k_5": {
        "n_samples": 30,
        "mean_p_base": 0.9945829510688782,
        "mean_p_after_gate_mask": 0.9953794260819753,
        "mean_p_after_random_mask": 0.9948042511940003,
        "mean_delta_gate": -0.0007964750130971273,
        "mean_delta_random": -0.00022130012512207032,
        "delta_gate_minus_random": -0.0005751748879750569
      },
      "k_10": {
        "n_samples": 30,
        "mean_p_base": 0.9945829510688782,
        "mean_p_after_gate_mask": 0.9962055603663127,
        "mean_p_after_random_mask": 0.9609709970653058,
        "mean_delta_gate": -0.0016226092974344888,
        "mean_delta_random": 0.03361195400357246,
        "delta_gate_minus_random": -0.03523456330100695
      },
      "k_20": {
        "n_samples": 30,
        "mean_p_base": 0.9945829510688782,
        "mean_p_after_gate_mask": 0.99593332807223,
        "mean_p_after_random_mask": 0.9873094141483307,
        "mean_delta_gate": -0.0013503770033518473,
        "mean_delta_random": 0.007273536920547485,
        "delta_gate_minus_random": -0.008623913923899332
      }
    },
    "SmsPay": {
      "k_5": {
        "n_samples": 30,
        "mean_p_base": 0.8822011911087126,
        "mean_p_after_gate_mask": 0.8805488610184208,