,accuracy,sensitivity,specificity,precision,auc,f_score
Airpush,0.9588688946015425,0.9591836734693877,0.9583333333333334,0.975103734439834,0.9587585034013606,0.9670781893004115
DroidKungFu,0.9704370179948586,0.9236276849642004,0.9777200148533234,0.8657718120805369,0.9506738499087619,0.8937644341801385
Fusob,0.9993573264781491,1.0,0.9993457638207393,0.9649122807017544,0.9996728819103696,0.9821428571428572
Genpua,0.984254498714653,0.7403846153846154,0.992686170212766,0.7777777777777778,0.8665353927986907,0.7586206896551725
GinMaster,0.9868251928020566,0.8563218390804598,0.9945541184479237,0.9030303030303031,0.9254379787641918,0.8790560471976401
Jisut,0.99646529562982,0.9861111111111112,0.996967654986523,0.9403973509933775,0.9915393830488171,0.9627118644067797
Opfake,0.9958226221079691,0.9646464646464646,0.9979409746053535,0.9695431472081218,0.9812937196259091,0.9670886075949368
SmsPay,0.9897172236503856,0.8103448275862069,0.9931237721021611,0.6911764705882353,0.901734299844184,0.746031746031746
