{
  "model": "GAME-Mal",
  "n_folds": 3,
  "max_seq_len": 512,
  "truncation": "head",
  "epochs": 50,
  "patience": 12,
  "lr": 0.0005,
  "dropout": 0.15,
  "fold_results": [
    {
      "fold": 1,
      "best_epoch": 19,
      "accuracy": 0.9373594603276582,
      "sensitivity": 0.8767765966741229,
      "precision": 0.8757142277881111,
      "f_score": 0.8756996936622048,
      "auc": 0.9827161272617475
    },
    {
      "fold": 2,
      "best_epoch": 26,
      "accuracy": 0.9386246786632391,
      "sensitivity": 0.8831914492212963,
      "precision": 0.8881927033667527,
      "f_score": 0.8852888520143922,
      "auc": 0.9857878631564492
    },
    {
      "fold": 3,
      "best_epoch": 22,
      "accuracy": 0.9418380462724936,
      "sensitivity": 0.9064923161992995,
      "precision": 0.8756175796853288,
      "f_score": 0.8896647858965524,
      "auc": 0.9858368988040707
    }
  ],
  "accuracy_mean": 0.9392740617544636,
  "accuracy_std": 0.0018851537188773351,
  "sensitivity_mean": 0.8888201206982395,
  "sensitivity_std": 0.012767601019018313,
  "precision_mean": 0.8798415036133975,
  "precision_std": 0.005905321792206992,
  "f_score_mean": 0.8835511105243832,
  "f_score_std": 0.005832138509616819,
  "auc_mean": 0.9847802964074225,
  "auc_std": 0.001459725275557407
}