{
  "model": "GAME-Mal gated (matched to ablation)",
  "n_folds": 3,
  "per_fold": [
    {
      "accuracy": 0.9443413729128015,
      "sensitivity": 0.8944944884623016,
      "precision": 0.8802882942898675,
      "f_score": 0.886556313633926,
      "auc": 0.9841580980955855
    },
    {
      "accuracy": 0.9406307977736549,
      "sensitivity": 0.8852117703175764,
      "precision": 0.8874773974173482,
      "f_score": 0.8855625027388181,
      "auc": 0.9832915656193324
    },
    {
      "accuracy": 0.9432282003710575,
      "sensitivity": 0.882114791877861,
      "precision": 0.8727235088142142,
      "f_score": 0.8771061650876062,
      "auc": 0.9857161571730713
    }
  ],
  "aggregate": {
    "accuracy": {
      "mean": 0.9427334570191713,
      "std": 0.001554706875692853
    },
    "sensitivity": {
      "mean": 0.8872736835525797,
      "std": 0.005260091033573083
    },
    "precision": {
      "mean": 0.8801630668404767,
      "std": 0.006023900655665031
    },
    "f_score": {
      "mean": 0.8830749938201167,
      "std": 0.0042400552160195126
    },
    "auc": {
      "mean": 0.984388606962663,
      "std": 0.0010031655908394812
    }
  }
}