{
  "model": "PlainTransformer",
  "n_folds": 3,
  "max_seq_len": 512,
  "truncation": "head",
  "epochs": 100,
  "patience": 20,
  "lr": 0.0005,
  "dropout": 0.15,
  "fold_results": [
    {
      "fold": 1,
      "best_epoch": 59,
      "accuracy": 0.9373594603276582,
      "sensitivity": 0.8700624056926904,
      "precision": 0.87629349061321,
      "f_score": 0.8729522205085882,
      "auc": 0.9779616605522781
    },
    {
      "fold": 2,
      "best_epoch": 37,
      "accuracy": 0.9440874035989717,
      "sensitivity": 0.8944296691074449,
      "precision": 0.894616740878243,
      "f_score": 0.894101264937337,
      "auc": 0.9842890009999172
    },
    {
      "fold": 3,
      "best_epoch": 26,
      "accuracy": 0.9373393316195373,
      "sensitivity": 0.8904739456494456,
      "precision": 0.8870961279454472,
      "f_score": 0.8860411881015167,
      "auc": 0.9799453111194195
    }
  ],
  "accuracy_mean": 0.939595398515389,
  "accuracy_std": 0.0031763378855134295,
  "sensitivity_mean": 0.8849886734831937,
  "sensitivity_std": 0.01067729802382612,
  "precision_mean": 0.8860021198123,
  "precision_std": 0.0075203286903034626,
  "f_score_mean": 0.8843648911824807,
  "f_score_std": 0.00871504440925287,
  "auc_mean": 0.9807319908905382,
  "auc_std": 0.002642342153191398
}