Method,accuracy_avg,accuracy_std,sensitivity_avg,sensitivity_std,precision_avg,precision_std,f_score_avg,f_score_std,auc_avg,auc_std
RandomForest,0.9934426229508198,0.008031113910764527,0.9940285204991088,0.007314896445163332,0.9929802955665025,0.008599551847337942,0.9933964333650115,0.008087733733366829,0.9982683982683984,0.003463203463203435
LinearSVM,0.9901639344262294,0.019672131147541006,0.9898268398268399,0.020346320346320335,0.9904139433551198,0.019172113289760342,0.9900678426051559,0.01986431478968793,0.9993506493506494,0.001298701298701266
DecisionTree,0.9934426229508198,0.008031113910764527,0.9933982683982684,0.0081305800740229,0.9936105476673429,0.007866417618525452,0.9933964333650115,0.008087733733366829,0.9933982683982684,0.0081305800740229
GaussianNB,0.9967213114754099,0.006557377049180336,0.9970588235294118,0.00588235294117645,0.9964285714285716,0.0071428571428571175,0.9966892808683854,0.00662143826322934,0.9970588235294118,0.005882352941176495
MarkovPruning,0.980327868852459,0.01911787506506658,0.9796105310811193,0.0196540878599703,0.9808278867102397,0.01886576899593682,0.9801122432992495,0.019320775204095888,0.9986956398721105,0.0017415133019163234
GAME-Mal,0.9934426229508198,0.008031113910764527,0.9932659932659933,0.008315884872207744,0.9936945812807881,0.007778885100749479,0.9933710846814773,0.008119017639997764,0.9965297230003113,0.004715399174213241
