{
  "mean_gate_score": 0.4401208758354187,
  "median_gate_score": 0.4573167562484741,
  "std_gate_score": 0.10633305460214615,
  "pct_below_0.1": 0.0007530665202576749,
  "pct_below_0.3": 0.11119231204405625,
  "pct_below_0.5": 0.6552624696501208
}